ISBN,Book-Title,Book-Author,Year-Of-Publication,Publisher,Image-URL-S,Image-URL-M,Image-URL-L
042518630X,Purity in Death,J.D. Robb,2002,Berkley Publishing Group,http://images.amazon.com/images/P/042518630X.01.THUMBZZZ.jpg,http://images.amazon.com/images/P/042518630X.01.MZZZZZZZ.jpg,http://images.amazon.com/images/P/042518630X.01.LZZZZZZZ.jpg
0804106304,The Joy Luck Club,Amy Tan,1994,Prentice Hall (K-12),http://images.amazon.com/images/P/0804106304.01.THUMBZZZ.jpg,http://images.amazon.com/images/P/0804106304.01.MZZZZZZZ.jpg,http://images.amazon.com/images/P/0804106304.01.LZZZZZZZ.jpg
0140067477,The Tao of Pooh,Benjamin Hoff,1983,Penguin Books,http://images.amazon.com/images/P/0140067477.01.THUMBZZZ.jpg,http://images.amazon.com/images/P/0140067477.01.MZZZZZZZ.jpg,http://images.amazon.com/images/P/0140067477.01.LZZZZZZZ.jpg
0345378490,Congo,Michael Crichton,1995,Ballantine Books,http://images.amazon.com/images/P/0345378490.01.THUMBZZZ.jpg,http://images.amazon.com/images/P/0345378490.01.MZZZZZZZ.jpg,http://images.amazon.com/images/P/0345378490.01.LZZZZZZZ.jpg
1558744150,Chicken Soup for the Woman's Soul (Chicken Soup for the Soul Series (Paper)),Jack Canfield,1996,Health Communications,http://images.amazon.com/images/P/1558744150.01.THUMBZZZ.jpg,http://images.amazon.com/images/P/1558744150.01.MZZZZZZZ.jpg,http://images.amazon.com/images/P/1558744150.01.LZZZZZZZ.jpg
0385416342,The Firm,John Grisham,1991,Doubleday Books,http://images.amazon.com/images/P/0385416342.01.THUMBZZZ.jpg,http://images.amazon.com/images/P/0385416342.01.MZZZZZZZ.jpg,http://images.amazon.com/images/P/0385416342.01.LZZZZZZZ.jpg
038542471X,The Client,John Grisham,1993,Doubleday Books,http://images.amazon.com/images/P/038542471X.01.THUMBZZZ.jpg,http://images.amazon.com/images/P/038542471X.01.MZZZZZZZ.jpg,http://images.amazon.com/images/P/038542471X.01.LZZZZZZZ.jpg
0316666343,The Lovely Bones: A Novel,Alice Sebold,2002,"Little, Brown",http://images.amazon.com/images/P/0316666343.01.THUMBZZZ.jpg,http://images.amazon.com/images/P/0316666343.01.MZZZZZZZ.jpg,http://images.amazon.com/images/P/0316666343.01.LZZZZZZZ.jpg
044021145X,The Firm,John Grisham,1992,Bantam Dell Publishing Group,http://images.amazon.com/images/P/044021145X.01.THUMBZZZ.jpg,http://images.amazon.com/images/P/044021145X.01.MZZZZZZZ.jpg,http://images.amazon.com/images/P/044021145X.01.LZZZZZZZ.jpg
0375726403,Empire Falls,Richard Russo,2002,Vintage Books USA,http://images.amazon.com/images/P/0375726403.01.THUMBZZZ.jpg,http://images.amazon.com/images/P/0375726403.01.MZZZZZZZ.jpg,http://images.amazon.com/images/P/0375726403.01.LZZZZZZZ.jpg
0842329129,Left Behind: A Novel of the Earth's Last Days (Left Behind No. 1),Tim Lahaye,1996,Tyndale House Publishers,http://images.amazon.com/images/P/0842329129.01.THUMBZZZ.jpg,http://images.amazon.com/images/P/0842329129.01.MZZZZZZZ.jpg,http://images.amazon.com/images/P/0842329129.01.LZZZZZZZ.jpg
0312195516,The Red Tent (Bestselling Backlist),Anita Diamant,1998,Picador USA,http://images.amazon.com/images/P/0312195516.01.THUMBZZZ.jpg,http://images.amazon.com/images/P/0312195516.01.MZZZZZZZ.jpg,http://images.amazon.com/images/P/0312195516.01.LZZZZZZZ.jpg
0312278586,The Nanny Diaries: A Novel,Emma McLaughlin,2002,St. Martin's Press,http://images.amazon.com/images/P/0312278586.01.THUMBZZZ.jpg,http://images.amazon.com/images/P/0312278586.01.MZZZZZZZ.jpg,http://images.amazon.com/images/P/0312278586.01.LZZZZZZZ.jpg
0385472951,The Partner,John Grisham,1997,Doubleday Books,http://images.amazon.com/images/P/0385472951.01.THUMBZZZ.jpg,http://images.amazon.com/images/P/0385472951.01.MZZZZZZZ.jpg,http://images.amazon.com/images/P/0385472951.01.LZZZZZZZ.jpg
0425182878,Chosen Prey,John Sandford,2004,Berkley Publishing Group,http://images.amazon.com/images/P/0425182878.01.THUMBZZZ.jpg,http://images.amazon.com/images/P/0425182878.01.MZZZZZZZ.jpg,http://images.amazon.com/images/P/0425182878.01.LZZZZZZZ.jpg
0345313860,"The Vampire Lestat (Vampire Chronicles, Book II)",ANNE RICE,1986,Ballantine Books,http://images.amazon.com/images/P/0345313860.01.THUMBZZZ.jpg,http://images.amazon.com/images/P/0345313860.01.MZZZZZZZ.jpg,http://images.amazon.com/images/P/0345313860.01.LZZZZZZZ.jpg
0061009059,One for the Money (Stephanie Plum Novels (Paperback)),Janet Evanovich,1995,HarperTorch,http://images.amazon.com/images/P/0061009059.01.THUMBZZZ.jpg,http://images.amazon.com/images/P/0061009059.01.MZZZZZZZ.jpg,http://images.amazon.com/images/P/0061009059.01.LZZZZZZZ.jpg
0385504209,The Da Vinci Code,Dan Brown,2003,Doubleday,http://images.amazon.com/images/P/0385504209.01.THUMBZZZ.jpg,http://images.amazon.com/images/P/0385504209.01.MZZZZZZZ.jpg,http://images.amazon.com/images/P/0385504209.01.LZZZZZZZ.jpg
0385505833,Skipping Christmas,JOHN GRISHAM,2001,Doubleday,http://images.amazon.com/images/P/0385505833.01.THUMBZZZ.jpg,http://images.amazon.com/images/P/0385505833.01.MZZZZZZZ.jpg,http://images.amazon.com/images/P/0385505833.01.LZZZZZZZ.jpg
0316693200,2nd Chance,James Patterson,2002,"Little, Brown",http://images.amazon.com/images/P/0316693200.01.THUMBZZZ.jpg,http://images.amazon.com/images/P/0316693200.01.MZZZZZZZ.jpg,http://images.amazon.com/images/P/0316693200.01.LZZZZZZZ.jpg
0786890436,The Diary of Ellen Rimbauer: My Life at Rose Red,Ellen Rimbauer,2002,Hyperion Press,http://images.amazon.com/images/P/0786890436.01.THUMBZZZ.jpg,http://images.amazon.com/images/P/0786890436.01.MZZZZZZZ.jpg,http://images.amazon.com/images/P/0786890436.01.LZZZZZZZ.jpg
0385493800,The Testament,John Grisham,1999,Doubleday Books,http://images.amazon.com/images/P/0385493800.01.THUMBZZZ.jpg,http://images.amazon.com/images/P/0385493800.01.MZZZZZZZ.jpg,http://images.amazon.com/images/P/0385493800.01.LZZZZZZZ.jpg
0440211727,A Time to Kill,JOHN GRISHAM,1992,Dell,http://images.amazon.com/images/P/0440211727.01.THUMBZZZ.jpg,http://images.amazon.com/images/P/0440211727.01.MZZZZZZZ.jpg,http://images.amazon.com/images/P/0440211727.01.LZZZZZZZ.jpg
0765341972,The Mothman Prophecies,John A. Keel,2002,Tor Books,http://images.amazon.com/images/P/0765341972.01.THUMBZZZ.jpg,http://images.amazon.com/images/P/0765341972.01.MZZZZZZZ.jpg,http://images.amazon.com/images/P/0765341972.01.LZZZZZZZ.jpg
0446601241,Kiss the Girls,James Patterson,1995,Warner Books,http://images.amazon.com/images/P/0446601241.01.THUMBZZZ.jpg,http://images.amazon.com/images/P/0446601241.01.MZZZZZZZ.jpg,http://images.amazon.com/images/P/0446601241.01.LZZZZZZZ.jpg
0345370775,Jurassic Park,Michael Crichton,1999,Ballantine Books,http://images.amazon.com/images/P/0345370775.01.THUMBZZZ.jpg,http://images.amazon.com/images/P/0345370775.01.MZZZZZZZ.jpg,http://images.amazon.com/images/P/0345370775.01.LZZZZZZZ.jpg
067101420X,"Forever... : A Novel of Good and Evil, Love and Hope",Jude Deveraux,2002,Pocket,http://images.amazon.com/images/P/067101420X.01.THUMBZZZ.jpg,http://images.amazon.com/images/P/067101420X.01.MZZZZZZZ.jpg,http://images.amazon.com/images/P/067101420X.01.LZZZZZZZ.jpg
0553296981,Anne Frank: The Diary of a Young Girl,ANNE FRANK,1993,Bantam,http://images.amazon.com/images/P/0553296981.01.THUMBZZZ.jpg,http://images.amazon.com/images/P/0553296981.01.MZZZZZZZ.jpg,http://images.amazon.com/images/P/0553296981.01.LZZZZZZZ.jpg
0451169530,The Stand: Complete and Uncut,Stephen King,1991,Signet Book,http://images.amazon.com/images/P/0451169530.01.THUMBZZZ.jpg,http://images.amazon.com/images/P/0451169530.01.MZZZZZZZ.jpg,http://images.amazon.com/images/P/0451169530.01.LZZZZZZZ.jpg
0345361792,A Prayer for Owen Meany,John Irving,1990,Ballantine Books,http://images.amazon.com/images/P/0345361792.01.THUMBZZZ.jpg,http://images.amazon.com/images/P/0345361792.01.MZZZZZZZ.jpg,http://images.amazon.com/images/P/0345361792.01.LZZZZZZZ.jpg
080410753X,The Kitchen God's Wife,Amy Tan,1992,Ivy Books,http://images.amazon.com/images/P/080410753X.01.THUMBZZZ.jpg,http://images.amazon.com/images/P/080410753X.01.MZZZZZZZ.jpg,http://images.amazon.com/images/P/080410753X.01.LZZZZZZZ.jpg
0070212570,Fried Green Tomatoes at the Whistle Stop Cafe,Fannie Flagg,1989,McGraw-Hill,http://images.amazon.com/images/P/0070212570.01.THUMBZZZ.jpg,http://images.amazon.com/images/P/0070212570.01.MZZZZZZZ.jpg,http://images.amazon.com/images/P/0070212570.01.LZZZZZZZ.jpg
0440940001,Island of the Blue Dolphins (Laurel Leaf Books),Scott O'Dell,1978,Laure Leaf,http://images.amazon.com/images/P/0440940001.01.THUMBZZZ.jpg,http://images.amazon.com/images/P/0440940001.01.MZZZZZZZ.jpg,http://images.amazon.com/images/P/0440940001.01.LZZZZZZZ.jpg
0440226430,Summer Sisters,Judy Blume,1999,Dell Publishing Company,http://images.amazon.com/images/P/0440226430.01.THUMBZZZ.jpg,http://images.amazon.com/images/P/0440226430.01.MZZZZZZZ.jpg,http://images.amazon.com/images/P/0440226430.01.LZZZZZZZ.jpg
0375707972,The Reader,Bernhard Schlink,1999,Vintage Books USA,http://images.amazon.com/images/P/0375707972.01.THUMBZZZ.jpg,http://images.amazon.com/images/P/0375707972.01.MZZZZZZZ.jpg,http://images.amazon.com/images/P/0375707972.01.LZZZZZZZ.jpg
0553572997,The Alienist,Caleb Carr,1995,Bantam Books,http://images.amazon.com/images/P/0553572997.01.THUMBZZZ.jpg,http://images.amazon.com/images/P/0553572997.01.MZZZZZZZ.jpg,http://images.amazon.com/images/P/0553572997.01.LZZZZZZZ.jpg
0446610038,1st to Die: A Novel,James Patterson,2002,Warner Vision,http://images.amazon.com/images/P/0446610038.01.THUMBZZZ.jpg,http://images.amazon.com/images/P/0446610038.01.MZZZZZZZ.jpg,http://images.amazon.com/images/P/0446610038.01.LZZZZZZZ.jpg
0449212602,The Handmaid's Tale,Margaret Atwood,1989,Fawcett Books,http://images.amazon.com/images/P/0449212602.01.THUMBZZZ.jpg,http://images.amazon.com/images/P/0449212602.01.MZZZZZZZ.jpg,http://images.amazon.com/images/P/0449212602.01.LZZZZZZZ.jpg
059035342X,Harry Potter and the Sorcerer's Stone (Harry Potter (Paperback)),J. K. Rowling,1999,Arthur A. Levine Books,http://images.amazon.com/images/P/059035342X.01.THUMBZZZ.jpg,http://images.amazon.com/images/P/059035342X.01.MZZZZZZZ.jpg,http://images.amazon.com/images/P/059035342X.01.LZZZZZZZ.jpg
0440214041,The Pelican Brief,John Grisham,1993,Dell,http://images.amazon.com/images/P/0440214041.01.THUMBZZZ.jpg,http://images.amazon.com/images/P/0440214041.01.MZZZZZZZ.jpg,http://images.amazon.com/images/P/0440214041.01.LZZZZZZZ.jpg
0452269571,Bastard Out of Carolina,Dorothy Allison,1993,Plume Books,http://images.amazon.com/images/P/0452269571.01.THUMBZZZ.jpg,http://images.amazon.com/images/P/0452269571.01.MZZZZZZZ.jpg,http://images.amazon.com/images/P/0452269571.01.LZZZZZZZ.jpg
051513287X,Face the Fire (Three Sisters Island Trilogy),Nora Roberts,2002,Jove Books,http://images.amazon.com/images/P/051513287X.01.THUMBZZZ.jpg,http://images.amazon.com/images/P/051513287X.01.MZZZZZZZ.jpg,http://images.amazon.com/images/P/051513287X.01.LZZZZZZZ.jpg
0590353403,Harry Potter and the Sorcerer's Stone (Book 1),J. K. Rowling,1998,Scholastic,http://images.amazon.com/images/P/0590353403.01.THUMBZZZ.jpg,http://images.amazon.com/images/P/0590353403.01.MZZZZZZZ.jpg,http://images.amazon.com/images/P/0590353403.01.LZZZZZZZ.jpg
0312305060,The Hours: A Novel,Michael Cunningham,2002,Picador,http://images.amazon.com/images/P/0312305060.01.THUMBZZZ.jpg,http://images.amazon.com/images/P/0312305060.01.MZZZZZZZ.jpg,http://images.amazon.com/images/P/0312305060.01.LZZZZZZZ.jpg
0399146431,The Bonesetter's Daughter,Amy Tan,2001,Putnam Publishing Group,http://images.amazon.com/images/P/0399146431.01.THUMBZZZ.jpg,http://images.amazon.com/images/P/0399146431.01.MZZZZZZZ.jpg,http://images.amazon.com/images/P/0399146431.01.LZZZZZZZ.jpg
039480001X,The Cat in the Hat,Dr. Seuss,1957,Random House Books for Young Readers,http://images.amazon.com/images/P/039480001X.01.THUMBZZZ.jpg,http://images.amazon.com/images/P/039480001X.01.MZZZZZZZ.jpg,http://images.amazon.com/images/P/039480001X.01.LZZZZZZZ.jpg
0375504397,Black House,Stephen King,2001,Random House Trade,http://images.amazon.com/images/P/0375504397.01.THUMBZZZ.jpg,http://images.amazon.com/images/P/0375504397.01.MZZZZZZZ.jpg,http://images.amazon.com/images/P/0375504397.01.LZZZZZZZ.jpg
0440213525,The Client,John Grisham,1994,Dell Publishing Company,http://images.amazon.com/images/P/0440213525.01.THUMBZZZ.jpg,http://images.amazon.com/images/P/0440213525.01.MZZZZZZZ.jpg,http://images.amazon.com/images/P/0440213525.01.LZZZZZZZ.jpg
0836218353,Yukon Ho!,Bill Watterson,1989,Andrews McMeel Publishing,http://images.amazon.com/images/P/0836218353.01.THUMBZZZ.jpg,http://images.amazon.com/images/P/0836218353.01.MZZZZZZZ.jpg,http://images.amazon.com/images/P/0836218353.01.LZZZZZZZ.jpg
0553268880,The Prince of Tides,Pat Conroy,1987,Bantam Books,http://images.amazon.com/images/P/0553268880.01.THUMBZZZ.jpg,http://images.amazon.com/images/P/0553268880.01.MZZZZZZZ.jpg,http://images.amazon.com/images/P/0553268880.01.LZZZZZZZ.jpg
0375727345,House of Sand and Fog,Andre Dubus III,2000,Vintage Books,http://images.amazon.com/images/P/0375727345.01.THUMBZZZ.jpg,http://images.amazon.com/images/P/0375727345.01.MZZZZZZZ.jpg,http://images.amazon.com/images/P/0375727345.01.LZZZZZZZ.jpg
0312924585,Silence of the Lambs,Thomas Harris,1991,St. Martin's Press,http://images.amazon.com/images/P/0312924585.01.THUMBZZZ.jpg,http://images.amazon.com/images/P/0312924585.01.MZZZZZZZ.jpg,http://images.amazon.com/images/P/0312924585.01.LZZZZZZZ.jpg
0515132020,Heaven and Earth (Three Sisters Island Trilogy),Nora Roberts,2003,Jove Books,http://images.amazon.com/images/P/0515132020.01.THUMBZZZ.jpg,http://images.amazon.com/images/P/0515132020.01.MZZZZZZZ.jpg,http://images.amazon.com/images/P/0515132020.01.LZZZZZZZ.jpg
0515131229,Dance upon the Air (Three Sisters Island Trilogy),Nora Roberts,2003,Jove Books,http://images.amazon.com/images/P/0515131229.01.THUMBZZZ.jpg,http://images.amazon.com/images/P/0515131229.01.MZZZZZZZ.jpg,http://images.amazon.com/images/P/0515131229.01.LZZZZZZZ.jpg
0441790348,Stranger in a Strange Land (Remembering Tomorrow),Robert A. Heinlein,1995,ACE Charter,http://images.amazon.com/images/P/0441790348.01.THUMBZZZ.jpg,http://images.amazon.com/images/P/0441790348.01.MZZZZZZZ.jpg,http://images.amazon.com/images/P/0441790348.01.LZZZZZZZ.jpg
042516098X,Hornet's Nest,Patricia Daniels Cornwell,1998,Berkley Publishing Group,http://images.amazon.com/images/P/042516098X.01.THUMBZZZ.jpg,http://images.amazon.com/images/P/042516098X.01.MZZZZZZZ.jpg,http://images.amazon.com/images/P/042516098X.01.LZZZZZZZ.jpg
038549081X,The Handmaid's Tale : A Novel,Margaret Atwood,1998,Anchor,http://images.amazon.com/images/P/038549081X.01.THUMBZZZ.jpg,http://images.amazon.com/images/P/038549081X.01.MZZZZZZZ.jpg,http://images.amazon.com/images/P/038549081X.01.LZZZZZZZ.jpg
0439139597,Harry Potter and the Goblet of Fire (Book 4),J. K. Rowling,2000,Scholastic,http://images.amazon.com/images/P/0439139597.01.THUMBZZZ.jpg,http://images.amazon.com/images/P/0439139597.01.MZZZZZZZ.jpg,http://images.amazon.com/images/P/0439139597.01.LZZZZZZZ.jpg
0446322180,Name of the Rose-Nla,Umberto Eco,1984,Warner Books,http://images.amazon.com/images/P/0446322180.01.THUMBZZZ.jpg,http://images.amazon.com/images/P/0446322180.01.MZZZZZZZ.jpg,http://images.amazon.com/images/P/0446322180.01.LZZZZZZZ.jpg
043935806X,Harry Potter and the Order of the Phoenix (Book 5),J. K. Rowling,2003,Scholastic,http://images.amazon.com/images/P/043935806X.01.THUMBZZZ.jpg,http://images.amazon.com/images/P/043935806X.01.MZZZZZZZ.jpg,http://images.amazon.com/images/P/043935806X.01.LZZZZZZZ.jpg
0679751521,Midnight in the Garden of Good and Evil,John Berendt,1999,Vintage Books USA,http://images.amazon.com/images/P/0679751521.01.THUMBZZZ.jpg,http://images.amazon.com/images/P/0679751521.01.MZZZZZZZ.jpg,http://images.amazon.com/images/P/0679751521.01.LZZZZZZZ.jpg
0316693235,Violets Are Blue,James Patterson,2001,"Little, Brown",http://images.amazon.com/images/P/0316693235.01.THUMBZZZ.jpg,http://images.amazon.com/images/P/0316693235.01.MZZZZZZZ.jpg,http://images.amazon.com/images/P/0316693235.01.LZZZZZZZ.jpg
0679454470,"The Vampire Armand : The Vampire Chronicles (Rice, Anne, Vampire Chronicles)",Anne Rice,1998,Alfred A. Knopf,http://images.amazon.com/images/P/0679454470.01.THUMBZZZ.jpg,http://images.amazon.com/images/P/0679454470.01.MZZZZZZZ.jpg,http://images.amazon.com/images/P/0679454470.01.LZZZZZZZ.jpg
0385503822,The Summons,John Grisham,2002,Doubleday Books,http://images.amazon.com/images/P/0385503822.01.THUMBZZZ.jpg,http://images.amazon.com/images/P/0385503822.01.MZZZZZZZ.jpg,http://images.amazon.com/images/P/0385503822.01.LZZZZZZZ.jpg
0440998050,A Wrinkle in Time,Madeleine L'Engle,1976,Laure Leaf,http://images.amazon.com/images/P/0440998050.01.THUMBZZZ.jpg,http://images.amazon.com/images/P/0440998050.01.MZZZZZZZ.jpg,http://images.amazon.com/images/P/0440998050.01.LZZZZZZZ.jpg
0679745203,The English Patient,Michael Ondaatje,1996,Vintage Books USA,http://images.amazon.com/images/P/0679745203.01.THUMBZZZ.jpg,http://images.amazon.com/images/P/0679745203.01.MZZZZZZZ.jpg,http://images.amazon.com/images/P/0679745203.01.LZZZZZZZ.jpg
006000469X,"Engaged to Die : A Death on Demand Mystery (Hart, Carolyn G)",Carolyn Hart,2003,William Morrow,http://images.amazon.com/images/P/006000469X.01.THUMBZZZ.jpg,http://images.amazon.com/images/P/006000469X.01.MZZZZZZZ.jpg,http://images.amazon.com/images/P/006000469X.01.LZZZZZZZ.jpg
0380812037,On a Wild Night (Cynster Novels),Stephanie Laurens,2002,Avon,http://images.amazon.com/images/P/0380812037.01.THUMBZZZ.jpg,http://images.amazon.com/images/P/0380812037.01.MZZZZZZZ.jpg,http://images.amazon.com/images/P/0380812037.01.LZZZZZZZ.jpg
0525941908,The Regulators,Richard Bachman,1996,Dutton Books,http://images.amazon.com/images/P/0525941908.01.THUMBZZZ.jpg,http://images.amazon.com/images/P/0525941908.01.MZZZZZZZ.jpg,http://images.amazon.com/images/P/0525941908.01.LZZZZZZZ.jpg
0451169522,Misery,Stephen King,2004,Penguin USA (Paper),http://images.amazon.com/images/P/0451169522.01.THUMBZZZ.jpg,http://images.amazon.com/images/P/0451169522.01.MZZZZZZZ.jpg,http://images.amazon.com/images/P/0451169522.01.LZZZZZZZ.jpg
0425107469,Watchers,Dean R. Koontz,1996,Berkley Publishing Group,http://images.amazon.com/images/P/0425107469.01.THUMBZZZ.jpg,http://images.amazon.com/images/P/0425107469.01.MZZZZZZZ.jpg,http://images.amazon.com/images/P/0425107469.01.LZZZZZZZ.jpg
0671027573,Mr. Perfect,Linda Howard,2001,Pocket Star,http://images.amazon.com/images/P/0671027573.01.THUMBZZZ.jpg,http://images.amazon.com/images/P/0671027573.01.MZZZZZZZ.jpg,http://images.amazon.com/images/P/0671027573.01.LZZZZZZZ.jpg
0425081818,The Talisman,Stephen King,1985,Berkley Publishing Group,http://images.amazon.com/images/P/0425081818.01.THUMBZZZ.jpg,http://images.amazon.com/images/P/0425081818.01.MZZZZZZZ.jpg,http://images.amazon.com/images/P/0425081818.01.LZZZZZZZ.jpg
0385472943,The Runaway Jury,JOHN GRISHAM,1996,Doubleday,http://images.amazon.com/images/P/0385472943.01.THUMBZZZ.jpg,http://images.amazon.com/images/P/0385472943.01.MZZZZZZZ.jpg,http://images.amazon.com/images/P/0385472943.01.LZZZZZZZ.jpg
0399148248,Midnight Bayou,Nora Roberts,2001,Putnam Publishing Group,http://images.amazon.com/images/P/0399148248.01.THUMBZZZ.jpg,http://images.amazon.com/images/P/0399148248.01.MZZZZZZZ.jpg,http://images.amazon.com/images/P/0399148248.01.LZZZZZZZ.jpg
0441010512,Club Dead (Southern Vampire Mysteries),Charlaine Harris,2003,Ace Books,http://images.amazon.com/images/P/0441010512.01.THUMBZZZ.jpg,http://images.amazon.com/images/P/0441010512.01.MZZZZZZZ.jpg,http://images.amazon.com/images/P/0441010512.01.LZZZZZZZ.jpg
0842329242,Nicolae: The Rise of Antichrist (Left Behind No. 3),Tim F. Lahaye,1998,Tyndale House Publishers,http://images.amazon.com/images/P/0842329242.01.THUMBZZZ.jpg,http://images.amazon.com/images/P/0842329242.01.MZZZZZZZ.jpg,http://images.amazon.com/images/P/0842329242.01.LZZZZZZZ.jpg
0399151060,"Remember When (Roberts, Nora)",Nora Roberts,2003,Putnam Publishing Group,http://images.amazon.com/images/P/0399151060.01.THUMBZZZ.jpg,http://images.amazon.com/images/P/0399151060.01.MZZZZZZZ.jpg,http://images.amazon.com/images/P/0399151060.01.LZZZZZZZ.jpg
0743245520,"Hello, Darkness",Sandra Brown,2003,Simon &amp; Schuster,http://images.amazon.com/images/P/0743245520.01.THUMBZZZ.jpg,http://images.amazon.com/images/P/0743245520.01.MZZZZZZZ.jpg,http://images.amazon.com/images/P/0743245520.01.LZZZZZZZ.jpg
0446363251,"Scarlett : The Sequel to Margaret Mitchell's \Gone With the Wind\""""",Alexandra Ripley,1992,Warner Books,http://images.amazon.com/images/P/0446363251.01.THUMBZZZ.jpg,http://images.amazon.com/images/P/0446363251.01.MZZZZZZZ.jpg,http://images.amazon.com/images/P/0446363251.01.LZZZZZZZ.jpg
0451208552,Shop Till You Drop,Elaine Viets,2003,Signet Book,http://images.amazon.com/images/P/0451208552.01.THUMBZZZ.jpg,http://images.amazon.com/images/P/0451208552.01.MZZZZZZZ.jpg,http://images.amazon.com/images/P/0451208552.01.LZZZZZZZ.jpg
0399133143,The Tommyknockers,Stephen King,1987,Putnam Pub Group,http://images.amazon.com/images/P/0399133143.01.THUMBZZZ.jpg,http://images.amazon.com/images/P/0399133143.01.MZZZZZZZ.jpg,http://images.amazon.com/images/P/0399133143.01.LZZZZZZZ.jpg
0515136379,Key of Knowledge (Key Trilogy (Paperback)),Nora Roberts,2003,Jove Books,http://images.amazon.com/images/P/0515136379.01.THUMBZZZ.jpg,http://images.amazon.com/images/P/0515136379.01.MZZZZZZZ.jpg,http://images.amazon.com/images/P/0515136379.01.LZZZZZZZ.jpg
0515136530,"Key of Valor (Roberts, Nora. Key Trilogy, 3.)",Nora Roberts,2003,Jove Pubns,http://images.amazon.com/images/P/0515136530.01.THUMBZZZ.jpg,http://images.amazon.com/images/P/0515136530.01.MZZZZZZZ.jpg,http://images.amazon.com/images/P/0515136530.01.LZZZZZZZ.jpg
0440498058,A Wrinkle In Time,MADELEINE L'ENGLE,1998,Yearling,http://images.amazon.com/images/P/0440498058.01.THUMBZZZ.jpg,http://images.amazon.com/images/P/0440498058.01.MZZZZZZZ.jpg,http://images.amazon.com/images/P/0440498058.01.LZZZZZZZ.jpg
0425183971,Reunion in Death,J. D. Robb,2002,Berkley Publishing Group,http://images.amazon.com/images/P/0425183971.01.THUMBZZZ.jpg,http://images.amazon.com/images/P/0425183971.01.MZZZZZZZ.jpg,http://images.amazon.com/images/P/0425183971.01.LZZZZZZZ.jpg
0811801802,Sabine's Notebook: In Which the Extraordinary Correspondence of Griffin &amp; Sabine Continues,Nick Bantock,1992,Chronicle Books,http://images.amazon.com/images/P/0811801802.01.THUMBZZZ.jpg,http://images.amazon.com/images/P/0811801802.01.MZZZZZZZ.jpg,http://images.amazon.com/images/P/0811801802.01.LZZZZZZZ.jpg
0877017883,Griffin &amp; Sabine: An Extraordinary Correspondence,Nick Bantock,1991,Chronicle Books,http://images.amazon.com/images/P/0877017883.01.THUMBZZZ.jpg,http://images.amazon.com/images/P/0877017883.01.MZZZZZZZ.jpg,http://images.amazon.com/images/P/0877017883.01.LZZZZZZZ.jpg
0425132048,Eyes of Prey,John Sandford,2004,Berkley Publishing Group,http://images.amazon.com/images/P/0425132048.01.THUMBZZZ.jpg,http://images.amazon.com/images/P/0425132048.01.MZZZZZZZ.jpg,http://images.amazon.com/images/P/0425132048.01.LZZZZZZZ.jpg
0451190556,The Green Mile: The Bad Death of Eduard Delacroix (Green Mile Series),Stephen King,1996,Signet Book,http://images.amazon.com/images/P/0451190556.01.THUMBZZZ.jpg,http://images.amazon.com/images/P/0451190556.01.MZZZZZZZ.jpg,http://images.amazon.com/images/P/0451190556.01.LZZZZZZZ.jpg
0441004520,Killing Dance (Anita Blake Vampire Hunter (Paperback)),Laurell K. Hamilton,2001,Ace Books,http://images.amazon.com/images/P/0441004520.01.THUMBZZZ.jpg,http://images.amazon.com/images/P/0441004520.01.MZZZZZZZ.jpg,http://images.amazon.com/images/P/0441004520.01.LZZZZZZZ.jpg
0451169514,It,Stephen King,1997,Signet Book,http://images.amazon.com/images/P/0451169514.01.THUMBZZZ.jpg,http://images.amazon.com/images/P/0451169514.01.MZZZZZZZ.jpg,http://images.amazon.com/images/P/0451169514.01.LZZZZZZZ.jpg
038531292X,The Gift,Danielle Steel,1994,Delacorte Press,http://images.amazon.com/images/P/038531292X.01.THUMBZZZ.jpg,http://images.amazon.com/images/P/038531292X.01.MZZZZZZZ.jpg,http://images.amazon.com/images/P/038531292X.01.LZZZZZZZ.jpg
0061000027,Dance Hall of the Dead (Joe Leaphorn Novels),Tony Hillerman,1990,HarperTorch,http://images.amazon.com/images/P/0061000027.01.THUMBZZZ.jpg,http://images.amazon.com/images/P/0061000027.01.MZZZZZZZ.jpg,http://images.amazon.com/images/P/0061000027.01.LZZZZZZZ.jpg
006440188X,The Secret Garden,Frances Hodgson Burnett,1998,HarperTrophy,http://images.amazon.com/images/P/006440188X.01.THUMBZZZ.jpg,http://images.amazon.com/images/P/006440188X.01.MZZZZZZZ.jpg,http://images.amazon.com/images/P/006440188X.01.LZZZZZZZ.jpg
0449213730,The Ritual Bath (Peter Decker &amp; Rina Lazarus Novels (Paperback)),Faye Kellerman,1991,Fawcett Books,http://images.amazon.com/images/P/0449213730.01.THUMBZZZ.jpg,http://images.amazon.com/images/P/0449213730.01.MZZZZZZZ.jpg,http://images.amazon.com/images/P/0449213730.01.LZZZZZZZ.jpg
067081458X,The Eyes of the Dragon,Stephen King,1987,Viking Books,http://images.amazon.com/images/P/067081458X.01.THUMBZZZ.jpg,http://images.amazon.com/images/P/067081458X.01.MZZZZZZZ.jpg,http://images.amazon.com/images/P/067081458X.01.LZZZZZZZ.jpg
0440932599,Deenie,JUDY BLUME,1991,Laure Leaf,http://images.amazon.com/images/P/0440932599.01.THUMBZZZ.jpg,http://images.amazon.com/images/P/0440932599.01.MZZZZZZZ.jpg,http://images.amazon.com/images/P/0440932599.01.LZZZZZZZ.jpg
